Iterations,MAE,RMSE,MAPE,MSE,SMAPE,R2,MEDEA,MSLE,input_window_size,horizon,stride
0,118.16969935322716,134.70268059731563,36.10667864265252,18144.812160102432,30.204059230327267,0.2291348937933121,115.66399437208182,0.13185435976339493,45,30,15
15,113.72367212009824,134.06833026472606,37.109500729951925,17974.31717997166,30.3743258844962,0.015820389388276568,97.73944237154834,0.1368057516532507,45,30,15
30,125.7567151716676,184.07024899370734,31.46009701049198,33881.85656460542,28.492717510629117,0.20921817408790833,93.42593759291907,0.12654634864924982,45,30,15
45,174.10093407383835,255.03872626991128,1678.332148793761,65044.75189737873,38.80422032834369,0.10318429185166889,118.8852343645762,1.1783030495372853,45,30,15
