Iterations,MAE,RMSE,MAPE,MSE,SMAPE,R2,MEDEA,MSLE,input_window_size,horizon,stride
0,152.53729239273144,233.68434908085942,24.619791058585214,54608.37500534496,27.40806737934067,0.05608025581236975,98.57068032769456,0.11583493981157238,90,15,15
15,198.12228646942083,224.65619738482346,3242.1963074598393,50470.407023408756,52.21626641098991,0.30433264315338426,180.31826451602603,2.2063104698870686,90,15,15
