Iterations,MAE,RMSE,MAPE,MSE,SMAPE,R2,MEDEA,MSLE,input_window_size,horizon,stride
0,104.00413304052572,115.36453636391526,30.68199172042655,13308.976250461128,26.530748818702353,0.3568645572835112,110.15632495139914,0.09684110679717114,45,15,15
15,125.06932333779727,146.43193430293476,35.88949298499832,21442.311383699,31.381048771171567,0.18716176477873847,128.61243366348128,0.1362322063004286,45,15,15
30,100.18967350571042,116.3085318804345,37.38212643174333,13527.674588182048,29.784507695858984,-0.6828033366842929,99.95171268202395,0.13484163211302416,45,15,15
45,153.3676618347905,234.17891823507688,24.93717652035607,54839.765745750825,27.60982430771494,0.05208060761793243,103.0178032030733,0.11706373391959421,45,15,15
60,197.39325028033164,223.18435769779097,3233.5977644710824,49811.25752097551,52.19830382974674,0.3134181413525927,185.4046707852399,2.203516734568786,45,15,15
