Iterations,MAE,RMSE,MAPE,MSE,SMAPE,R2,MEDEA,MSLE,input_window_size,horizon,stride
0,137.49256997333185,193.91934055374412,36.48024165646202,37604.71064079899,31.464113172925046,0.21205046858516208,110.28153421872128,0.16026898790864388,30,35,15
15,108.29545767319442,126.17107814895357,32.89722530321977,15919.14096126935,27.665799479135426,0.23295944174924932,101.31306653237408,0.11561349064841797,30,35,15
30,113.40990667559504,133.18485252071744,35.497155584965256,17738.204940965254,29.448918395699973,0.0712483937516114,99.36921695124005,0.1288280039560286,30,35,15
45,142.96854515278162,221.0376984887025,33.93984995123763,48857.664153182544,30.705554391667267,0.17836099432210772,93.50807760468783,0.15569572963669934,30,35,15
