Iterations,MAE,RMSE,MAPE,MSE,SMAPE,R2,MEDEA,MSLE,input_window_size,horizon,stride
0,108.06635577116695,126.58877924323714,32.771204355090056,16024.719030293027,27.552553682809656,0.22787231668389651,109.54627451023242,0.11589785754748709,45,35,15
15,113.35759012906135,132.9036262487676,35.573307471797506,17663.373870072108,29.481102959313628,0.07516646085708212,96.54069801267661,0.1290572064013108,45,35,15
30,143.19487776856204,221.12690777314933,33.98762696013196,48897.109341314885,30.80038990957208,0.17769764486163786,96.58323492693216,0.15621196483782435,45,35,15
