Iterations,MAE,RMSE,MAPE,MSE,SMAPE,R2,MEDEA,MSLE,input_window_size,horizon,stride
0,118.16969935322716,134.70268059731563,36.10667864265252,18144.812160102432,30.204059230327267,0.2291348937933121,115.66399437208182,0.13185435976339493,45,30,10
10,108.71619036780808,127.61540890247142,33.58432176963493,16285.692589344979,27.83787156889355,0.1489603386797852,101.21953051510161,0.12053476484958002,45,30,10
20,110.59813770725093,127.96609963262921,36.38452224255771,16375.322655187985,29.09504278671876,-0.007718433644215317,88.7175164972279,0.1288241755193357,45,30,10
30,125.7567151716676,184.07024899370734,31.46009701049198,33881.85656460542,28.492717510629117,0.20921817408790833,93.42593759291907,0.12654634864924982,45,30,10
40,156.28365078549453,236.3661173783611,35.18620039203901,55868.94144452119,32.403881792310855,0.1717448658332531,99.6004178334428,0.16328381514859291,45,30,10
