Iterations,MAE,RMSE,MAPE,MSE,SMAPE,R2,MEDEA,MSLE,input_window_size,horizon,stride
0,172.39881567912533,260.106178716664,38.83929699685479,67655.22420658513,34.98833068510125,0.13005097554886036,111.5833773757962,0.21299275638629034,30,15,15
15,103.90193333714663,114.19735956472407,30.722134261751783,13041.036931554874,26.619042018938316,0.369812305423039,101.31306653237408,0.09535535502174636,30,15,15
30,124.82007611377499,147.12629947057377,35.667423040389465,21646.147995904957,31.228061833982895,0.1794346970585612,130.35208872281788,0.1360091266825729,30,15,15
45,99.4388433026389,116.01493761947529,37.2034537047571,13459.465750850743,29.51969852753057,-0.6743183558914558,93.50807760468783,0.13375346481734726,30,15,15
60,154.2948600977498,234.84917795761774,25.29454564534566,55154.13638736881,27.82802883714454,0.046646630584425974,108.65444699659525,0.11898523179949934,30,15,15
75,197.35711851090173,223.0000351694557,3211.3267257031152,49729.01568557848,52.20942764922057,0.31455173554426086,182.08633487056,2.1990117997670895,30,15,15
