Iterations,MAE,RMSE,MAPE,MSE,SMAPE,R2,MEDEA,MSLE,input_window_size,horizon,stride
0,173.60685572111615,255.34123609698295,1678.9663420929444,65199.14685153519,38.662144803296506,0.10105554485660295,111.92472429011289,1.1786437795836955,90,30,5
