Iterations,MAE,RMSE,MAPE,MSE,SMAPE,R2,MEDEA,MSLE,input_window_size,horizon,stride
0,145.15938024371002,176.10886930321973,41.79910561126864,31014.333847258527,34.274033327751965,-0.5337614705597131,118.7290907006294,0.1642823407159135,45,30,8
8,134.15596474293994,175.11611084670315,41.333823151871876,30665.65227807482,32.28862414371152,-0.6456277949925551,114.21677341319247,0.15967712520599653,45,30,8
