Iterations,MAE,RMSE,MAPE,MSE,SMAPE,R2,MEDEA,MSLE,input_window_size,horizon,stride
0,143.38146357367083,179.7010335527224,41.605765612192194,32292.461459916663,34.21388553806428,-0.4302267930247399,107.12174334145908,0.17050323048947608,45,25,5
5,141.67822656194255,157.43656475373922,41.662399164616865,24786.27192145832,34.03188206621547,-0.21167765218195034,144.13766340748032,0.14426322848475093,45,25,5
10,129.8824188194918,164.5119994244135,36.55130799400218,27064.197954618223,29.221691101827,-0.6369771337438175,102.76016468217199,0.1307670054397612,45,25,5
