Iterations,MAE,RMSE,MAPE,MSE,SMAPE,R2,MEDEA,MSLE,input_window_size,horizon,stride
0,153.55524922027672,201.81201680200112,45.122658358047,40728.09012569118,36.50017905748433,-0.43130620901463645,126.2409192273189,0.2407244325698163,30,40,8
8,121.25827238017432,167.05228288257914,29.027520284447572,27906.46521628124,32.643587363971605,-0.45858291338174983,93.75851242647218,0.21110510721158066,30,40,8
