Iterations,MAE,RMSE,MAPE,MSE,SMAPE,R2,MEDEA,MSLE,input_window_size,horizon,stride
0,183.23844111343942,227.3523980135345,53.9486422300931,51689.11288250461,41.91412240245026,-0.5599187127015786,141.54003306700247,0.29417879497971433,30,30,15
15,145.15938024371002,176.10886930321973,41.79910561126864,31014.333847258527,34.274033327751965,-0.5337614705597131,118.7290907006294,0.1642823407159135,30,30,15
