Iterations,MAE,RMSE,MAPE,MSE,SMAPE,R2,MEDEA,MSLE,input_window_size,horizon,stride
0,143.38146357367083,179.7010335527224,41.605765612192194,32292.461459916663,34.21388553806428,-0.4302267930247399,107.12174334145908,0.17050323048947608,45,25,15
