Iterations,MAE,RMSE,MAPE,MSE,SMAPE,R2,MEDEA,MSLE,input_window_size,horizon,stride
0,145.15938024371002,176.10886930321973,41.79910561126864,31014.333847258527,34.274033327751965,-0.5337614705597131,118.7290907006294,0.1642823407159135,45,30,2
2,123.40341443338825,144.72536914285195,35.56751887961198,20945.432473534758,32.42152878277357,-0.050747906375213425,132.22760205651315,0.16336102634271912,45,30,2
4,110.96888455486318,135.32525290242089,30.779920624824513,18312.924073104172,26.770430486813446,0.043023524148184444,92.23853649040649,0.1030632528589443,45,30,2
6,108.2758185614426,130.31877190517102,32.021457192897564,16982.982310871994,26.835524963649306,0.05917391609425693,104.3678471339351,0.10549945299186449,45,30,2
8,134.15596474293994,175.11611084670315,41.333823151871876,30665.65227807482,32.28862414371152,-0.6456277949925551,114.21677341319247,0.15967712520599653,45,30,2
