Iterations,MAE,RMSE,MAPE,MSE,SMAPE,R2,MEDEA,MSLE,input_window_size,horizon,stride
0,145.15938024371002,176.10886930321973,41.79910561126864,31014.333847258527,34.274033327751965,-0.5337614705597131,118.7290907006294,0.1642823407159135,45,30,5
5,138.5582734634285,157.27396755187266,40.31648752391025,24735.100869507496,32.77213270920222,-0.40722467730059453,148.23700570085526,0.13926020596392039,45,30,5
