Iterations,MAE,RMSE,MAPE,MSE,SMAPE,R2,MEDEA,MSLE,input_window_size,horizon,stride
0,131.8386753974287,179.42215385152858,38.89062886418444,32192.309292721595,32.52067207006849,-0.32587073775875464,112.30163925227839,0.1971971715610875,30,54,15
