Iterations,MAE,RMSE,MAPE,MSE,SMAPE,R2,MEDEA,MSLE,input_window_size,horizon,stride
0,143.38146357367083,179.7010335527224,41.605765612192194,32292.461459916663,34.21388553806428,-0.4302267930247399,107.12174334145908,0.17050323048947608,45,25,2
2,134.53931465079864,152.94172781852674,37.77506824827106,23391.172108116316,35.002170951858886,-0.04473261527501049,132.8312633263672,0.1799305850313431,45,25,2
4,119.19923428601703,144.3049627200937,32.53533970438178,20823.92226564763,27.948262994096368,0.027072279041812197,101.79747464621946,0.11268175855121321,45,25,2
6,107.48870490395038,132.88356139191123,31.976582069240468,17658.04088819784,26.69835414980494,0.14422267372375963,102.93622607018125,0.11040297645002935,45,25,2
8,140.90292510148237,184.8505629005484,41.40762043837821,34169.730604649594,32.33464158056432,-0.780854175310397,124.69201677974979,0.16383003074601332,45,25,2
10,129.8824188194918,164.5119994244135,36.55130799400218,27064.197954618223,29.221691101827,-0.6369771337438175,102.76016468217199,0.1307670054397612,45,25,2
12,144.57256925249047,167.65849772187536,41.396936072135006,28109.371858356088,34.26529476751404,-0.6744995915318783,109.70058670604999,0.15222025949593837,45,25,2
14,145.83120403473305,161.52653250943524,45.12398036826414,26090.82070452164,36.74311480142962,-0.8422494297977223,137.45840057643113,0.16599693893713258,45,25,2
