Iterations,MAE,RMSE,MAPE,MSE,SMAPE,R2,MEDEA,MSLE,input_window_size,horizon,stride
0,153.55524922027672,201.81201680200112,45.122658358047,40728.09012569118,36.50017905748433,-0.43130620901463645,126.2409192273189,0.2407244325698163,30,40,2
2,116.38389927658011,160.4766269756333,31.621965319868533,25752.74780547656,28.033944651927467,-0.3148986917631442,79.09914731053166,0.13799004448054647,30,40,2
4,127.26844591410494,153.39085369116418,36.70993145808999,23528.753996104137,30.024912572038442,-0.29142204436975727,98.45355727207283,0.1364105917318939,30,40,2
6,109.13234845230454,139.5458300786506,27.537071454670237,19473.03869233962,26.56144643659115,-0.018214605953854823,88.44593904771386,0.10797412997470454,30,40,2
8,121.25827238017432,167.05228288257914,29.027520284447572,27906.46521628124,32.643587363971605,-0.45858291338174983,93.75851242647218,0.21110510721158066,30,40,2
10,119.9146522611738,160.25452964049106,29.95933758896292,25681.51427029503,32.74927200278029,-0.3437694812675445,91.73557347745347,0.20283318159044916,30,40,2
12,136.9547532766074,176.7916292028777,38.66111758571006,31255.280156207795,31.45186976701,-0.6114234050169667,104.67044605562403,0.15267736095229986,30,40,2
14,133.9277312925395,159.24887183236757,40.141650549236154,25360.20317988183,32.582155246412384,-0.3584532601482415,124.1972241093658,0.14225235995715882,30,40,2
