Iterations,MAE,RMSE,MAPE,MSE,SMAPE,R2,MEDEA,MSLE,input_window_size,horizon,stride
0,153.55524922027672,201.81201680200112,45.122658358047,40728.09012569118,36.50017905748433,-0.43130620901463645,126.2409192273189,0.2407244325698163,30,40,15
