Iterations,MAE,RMSE,MAPE,MSE,SMAPE,R2,MEDEA,MSLE,input_window_size,horizon,stride
0,172.40480685312608,207.53155157778576,52.91557808985652,43069.344900283155,40.9906874227026,-0.3673873338335021,142.37622041302689,0.26367174404363874,30,25,15
15,143.38146357367083,179.7010335527224,41.605765612192194,32292.461459916663,34.21388553806428,-0.4302267930247399,107.12174334145908,0.17050323048947608,30,25,15
