Iterations,MAE,RMSE,MAPE,MSE,SMAPE,R2,MEDEA,MSLE,input_window_size,horizon,stride
0,172.40480685312608,207.53155157778576,52.91557808985652,43069.344900283155,40.9906874227026,-0.3673873338335021,142.37622041302689,0.26367174404363874,30,25,5
5,128.81287650367733,158.28939921780136,34.82744141462927,25055.533904732492,30.254168661377605,-0.07967462237972822,107.37737725352531,0.13944220385616954,30,25,5
10,141.54022552846712,188.42784576319661,32.06583729603077,35505.05305895901,37.15629067595934,-0.49151816868303944,89.69835327524493,0.2718014796917715,30,25,5
15,143.38146357367083,179.7010335527224,41.605765612192194,32292.461459916663,34.21388553806428,-0.4302267930247399,107.12174334145908,0.17050323048947608,30,25,5
20,141.67822656194255,157.43656475373922,41.662399164616865,24786.27192145832,34.03188206621547,-0.21167765218195034,144.13766340748032,0.14426322848475093,30,25,5
25,129.8824188194918,164.5119994244135,36.55130799400218,27064.197954618223,29.221691101827,-0.6369771337438175,102.76016468217199,0.1307670054397612,30,25,5
