Iterations,MAE,RMSE,MAPE,MSE,SMAPE,R2,MEDEA,MSLE,input_window_size,horizon,stride
0,134.27784678141276,187.9085185988844,29.0054854517089,35309.61136202729,32.0095481491567,-0.06560396242532107,102.04353332519531,0.16828516631893126,30,30,15
15,109.102956644694,146.9365580581332,26.42579161791075,21590.35209397114,27.208101954532772,-0.06771437815286974,87.37767028808594,0.12675968199874743,30,30,15
