Iterations,MAE,RMSE,MAPE,MSE,SMAPE,R2,MEDEA,MSLE,input_window_size,horizon,stride
0,134.27784678141276,187.9085185988844,29.0054854517089,35309.61136202729,32.0095481491567,-0.06560396242532107,102.04353332519531,0.16828516631893126,30,30,8
8,125.26568400065104,165.39044674522583,27.146102492041873,27353.999874585385,31.19049069321817,-0.2422177788693729,80.78146362304688,0.16102418232173832,30,30,8
16,95.77727711995443,141.5923972408535,25.496550452951904,20048.406956411658,24.24592889055155,-0.000973996006020883,42.85276794433594,0.11944664119866684,30,30,8
24,97.68641815185546,134.3454997335359,27.725428598388785,18048.713298653493,27.189957763112393,0.011746846989853843,62.09417724609375,0.133079860537269,30,30,8
