Iterations,MAE,RMSE,MAPE,MSE,SMAPE,R2,MEDEA,MSLE,input_window_size,horizon,stride
0,138.26818423800998,189.74847157163123,35.37816972596988,36004.482463770146,33.28620702147777,-0.4828786991573184,106.56626892089844,0.17795686221244228,30,54,8
