Iterations,MAE,RMSE,MAPE,MSE,SMAPE,R2,MEDEA,MSLE,input_window_size,horizon,stride
0,102.63322297626286,117.92484116508047,29.41885402277534,13906.268163809456,26.120161658037393,0.40920540866193555,87.50317564989095,0.08981552113669865,45,30,15
15,82.0131864045432,110.84163826774922,22.010322070969664,12285.868773878568,22.321846064469376,0.32729007589919434,63.534437052253395,0.07707524312877807,45,30,15
30,118.08310665963326,195.8960720065294,25.231087168302718,38375.271027587354,26.235542688942736,0.10434462659380173,74.2144346533828,0.1189539825984857,45,30,15
45,167.37036598060183,273.5577200861246,1463.7229785173593,74833.82621871852,37.06334943262849,-0.03178425462629497,85.36642832839621,1.1427835597996752,45,30,15
