Iterations,MAE,RMSE,MAPE,MSE,SMAPE,R2,MEDEA,MSLE,input_window_size,horizon,stride
0,160.65340002448292,260.3797804929608,1899.9700483997356,67797.63008956244,34.84615415259517,0.0652285101267357,86.63174906089472,1.2039585252848908,90,30,10
