Iterations,MAE,RMSE,MAPE,MSE,SMAPE,R2,MEDEA,MSLE,input_window_size,horizon,stride
0,88.32640981482967,102.29433253276585,25.156596624949078,10464.130468324078,22.13505212958086,0.49433727623072965,76.74105547974222,0.06678378653972182,45,15,15
15,107.05517649351233,139.88637334960387,24.136484606709782,19568.197448904768,26.801542211772794,0.2582059463551617,92.7632908035132,0.10538726952125534,45,15,15
30,71.14924169774211,83.58744780921056,24.787712323625474,6986.8614312575,22.070449489515624,0.13085477826747605,66.31844793982896,0.0682978096725798,45,15,15
45,198.49744554221107,288.4650225974664,30.771898184046087,83212.06926215677,38.33118560947615,-0.43834192325939947,164.56191880105052,0.23161792758257416,45,15,15
60,253.17725341556428,272.33072939144853,3552.6064275244826,74164.02617087838,61.600461139872245,-0.022252347508680437,246.8847796682835,2.365098157534851,45,15,15
