Iterations,MAE,RMSE,MAPE,MSE,SMAPE,R2,MEDEA,MSLE,input_window_size,horizon,stride
0,174.5315541045474,267.98834534481074,27.619745518170113,71817.75324064953,33.55021875296618,-0.24138825336606473,124.77921128438129,0.18727905680179244,90,15,10
10,167.60505666530014,295.4947045334327,25.148173536931978,87317.12040730068,27.305928665151907,0.1824741812927907,72.05253940110578,0.15560323238920815,90,15,10
