Iterations,MAE,RMSE,MAPE,MSE,SMAPE,R2,MEDEA,MSLE,input_window_size,horizon,stride
0,174.5315541045474,267.98834534481074,27.619745518170113,71817.75324064953,33.55021875296618,-0.24138825336606473,124.77921128438129,0.18727905680179244,90,15,15
15,238.38829166799388,263.71517099703027,3733.9597125610917,69545.69141399293,58.2097321775161,0.04140524756213415,235.1847941873218,2.36308077236276,90,15,15
