Iterations,MAE,RMSE,MAPE,MSE,SMAPE,R2,MEDEA,MSLE,input_window_size,horizon,stride
0,166.79743350934365,228.51840358048415,39.697873999367495,52220.66077497303,34.24745705287226,0.32851729589036116,157.6460161182667,0.18052734805727105,30,15,10
10,66.80611674229587,74.61816729763585,18.340110641551163,5567.870890857973,16.952861306734025,0.56675599979975,59.58612552343067,0.03615427420681142,30,15,10
20,92.61803175870163,105.04640820395429,28.99061709908285,11034.747876551794,24.53494215663103,0.5284415796019335,106.52802417942115,0.09186456991094365,30,15,10
30,109.5657147726459,133.2761498525435,26.70394859684137,17762.532119517637,27.727597676829458,0.32665536831696795,75.91345009197693,0.0963961640323962,30,15,10
40,53.344467647795696,62.92979099837196,18.104701020919308,3960.1585950987774,16.123569871579416,0.44949747254874006,53.68735236968661,0.041866595368393114,30,15,10
50,97.0198788320063,107.60746601726312,30.87342428829111,11579.366742656437,27.21780545592797,0.2766962360334917,101.12338727662643,0.09535560835629,30,15,10
60,208.85218606689017,302.01832400991003,31.866610698223578,91215.068037755,40.654562890933654,-0.5766758062262007,191.5156134022672,0.26896467611382646,30,15,10
70,172.38123882724207,314.017600122219,25.935283025076956,98607.05318651782,28.633929387585304,0.07676969292412561,75.58010275638736,0.1860112975156097,30,15,10
