Iterations,MAE,RMSE,MAPE,MSE,SMAPE,R2,MEDEA,MSLE,input_window_size,horizon,stride
0,166.79743350934365,228.51840358048415,39.697873999367495,52220.66077497303,34.24745705287226,0.32851729589036116,157.6460161182667,0.18052734805727105,30,15,15
15,81.44770302255412,96.30406958652189,21.522655826509997,9274.47381892565,20.478038204008783,0.5518255714604219,83.4514758824921,0.056254076318871665,30,15,15
30,109.5657147726459,133.2761498525435,26.70394859684137,17762.532119517637,27.727597676829458,0.32665536831696795,75.91345009197693,0.0963961640323962,30,15,15
45,78.41383530147404,86.83069370434482,26.703652879838536,7539.569369177748,24.34441371261976,0.06209951984659157,76.76560246942648,0.07669068018210903,30,15,15
60,208.85218606689017,302.01832400991003,31.866610698223578,91215.068037755,40.654562890933654,-0.5766758062262007,191.5156134022672,0.26896467611382646,30,15,15
75,257.543434811231,275.8207342014455,3578.659914708429,76077.07741542444,62.48228488723375,-0.04862121158755017,257.9358079244744,2.383389028847156,30,15,15
