Iterations,MAE,RMSE,MAPE,MSE,SMAPE,R2,MEDEA,MSLE,input_window_size,horizon,stride
0,136.62139326231332,176.8265994672648,37.551618716092456,31267.646279156488,31.51000953398137,0.34483401642303446,116.14422540426193,0.14691233626070319,30,35,10
10,97.02413848473991,114.16378819586697,27.99883900896158,13033.370535230773,24.543292756122472,0.35623065448937585,80.75883319246088,0.08520667946684532,30,35,10
20,83.45596205909162,103.02084990233755,24.083511567066676,10613.29551459996,21.90677740117509,0.41822951270335895,68.86833026454121,0.07300621327281426,30,35,10
30,91.78447069932777,113.89269626923563,25.503778971358628,12971.546263476359,24.30715781800882,0.32082505147370477,75.91345009197693,0.08309584605718434,30,35,10
40,113.990801894814,185.912365129367,26.89390587916916,34563.40750799508,26.080649507787268,0.13427583744985516,88.30302155959413,0.11766543859553728,30,35,10
50,137.02512260762234,236.37230540146382,27.491937673306865,55871.86676080288,28.37337890364968,0.06692922388719458,86.35946245474543,0.1501672199694381,30,35,10
