Iterations,MAE,RMSE,MAPE,MSE,SMAPE,R2,MEDEA,MSLE,input_window_size,horizon,stride
0,95.03110298684362,111.8454915579734,26.931696021684438,12509.4139818447,23.965855697576416,0.39725215654734636,84.66006371050207,0.07949481562977137,45,35,10
10,104.22122945651242,119.54214304357097,31.852884454250123,14290.323963449586,27.623513285456035,0.2646955752553962,105.07768213764757,0.10023987757339672,45,35,10
20,85.61434081521202,103.97999626221804,23.198139498117527,10811.839622690877,22.063812413166406,0.39638191394000666,72.40721909278005,0.0667330669742307,45,35,10
30,128.3940799992294,226.1597660582818,25.1071032974451,51148.23978353676,26.600721197929783,0.13984039952957816,69.1684059563666,0.13231228844647086,45,35,10
40,152.9335385974584,249.10333570970099,1289.2695968344617,62052.471861699996,35.466517787353894,0.07917371424061348,105.89090075416914,0.9889040107107385,45,35,10
